Year,Mean_Return_%,Std_Deviation_%,Sharpe_Ratio,Sortino_Ratio,Max_Drawdown_%,Profit_Factor
2021,37.91949617588416,28.908792246963642,1.3117,2.544,13.61,1.6468
2022,-4.497484049428486,22.27992201172242,-0.2019,-0.2886,17.96,0.9564
2023,2.82139954625571,2.8543011285285984,0.9885,1.7079,1.42,2.2208
2024,23.463269881185646,11.591309126793098,2.0242,6.4223,3.26,3.7036
2025,32.206036086655025,23.589271732590923,1.3653,2.8358,11.31,1.6497
